{
    "model_info": {
        "path": "./models/fin_xgb_f20.pkl",
        "threshold": 0.8303911993972466,
        "timestamp": "2025-10-22 10:57:03"
    },
    "train_metrics": {
        "label": "train",
        "n_samples": 73611,
        "accuracy": 0.990789420059502,
        "precision": 0.9455292908530318,
        "recall": 0.8417200365965233,
        "F0.5": 0.9227683049147443,
        "F1": 0.8906098741529526,
        "F2": 0.8606173994387278,
        "elapsed_mean_sec": 0.31224822998046875,
        "elapsed_std_sec": 0.0420813817817766,
        "UCL_3sigma": 0.43849237532579854,
        "LCL_3sigma": 0.18600408463513896
    },
    "test_metrics": {
        "label": "test",
        "n_samples": 18403,
        "accuracy": 0.9864695973482585,
        "precision": 0.9357142857142857,
        "recall": 0.7109905020352781,
        "F0.5": 0.8800806180718844,
        "F1": 0.8080185042405551,
        "F2": 0.7468643101482326,
        "elapsed_mean_sec": 0.10408484935760498,
        "elapsed_std_sec": 0.0076411628895746665,
        "UCL_3sigma": 0.127008338026329,
        "LCL_3sigma": 0.08116136068888098
    }
}